{"optimal_beta": 0.302941346409129, "optimal_gamma": 0.07020572542840187}