{"optimal_beta": 0.07311369954074455, "optimal_gamma": 0.044111538344129904, "optimal_stringency_weight": -4.307369509681814e-11}