{"optimal_beta": 0.03925422815833437, "optimal_gamma": 0.022659519392619114, "optimal_stringency_weight": -1.7905485677020872e-07}