{"optimal_beta": 0.30476930289993887, "optimal_gamma": 0.07121978800190573}