{"optimal_beta": 0.40897034072952304, "optimal_gamma": 0.09196829370123338, "optimal_nu": 2.9044029843851936e-05}