{"optimal_beta": 0.46260881805106313, "optimal_gamma": 0.11380708244717284}