{"optimal_beta": 0.5129414911377119, "optimal_gamma": 0.12716245167626106}